x,y,label
2.07235,-3.24169,2
17.9367,15.7848,2
1.08358,7.31918,2
11.1207,14.4068,2
23.7115,2.55773,2
24.1699,32.0248,2
21.6658,4.89286,2
4.69368,12.3422,2
19.2119,-1.12137,2
4.23039,-4.44154,2
9.12713,23.6057,2
0.407503,15.2971,2
7.31485,3.30931,2
-3.4384,-12.0253,2
17.6394,-3.21234,2
4.41529,22.8155,2
11.9412,8.12249,2
0.725853,1.80682,2
8.18527,28.1326,2
-5.77359,1.0248,2
18.7694,24.1695,2
7.75202,-3.33499,2
10.6113,28.4438,2
2.02165,-4.68712,2
5.14552,11.186,2
6.24331,19.4772,2
-11.7067,8.07318,2
7.25598,14.637,2
3.39237,1.22071,2
24.2999,40.4289,1
4.09401,6.94469,2
11.8036,-2.44534,2
0.0922879,-6.65103,2
28.5061,-9.09183,2
23.4083,7.93144,2
10.5631,12.5447,2
20.1416,11.1179,2
-1.87127,8.60885,2
29.3024,14.0218,2
18.6538,17.2167,2
-2.97219,6.371,2
10.3231,12.1157,2
16.9054,-1.35504,2
6.75371,12.028,2
23.9478,13.3505,2
6.88351,6.18856,2
-1.24154,10.0818,2
20.5083,-1.57887,2
-3.75683,1.60851,2
17.9176,13.099,2
2.00254,-0.656524,2
10.7768,15.5336,2
24.1582,5.33037,2
0.326873,7.28879,2
21.6478,14.0051,2
6.87142,21.52,2
15.1426,5.11195,2
11.5471,4.75756,2
0.661168,-10.1426,2
-13.6653,16.939,2
24.9094,-10.8204,2
-4.53022,-6.17377,2
3.16368,8.05148,2
1.49517,-7.2616,2
7.09764,2.10575,2
3.50948,24.5849,2
12.9988,24.9125,2
0.359382,6.38792,2
14.3543,-2.25242,2
3.83121,-2.00087,2
31.4046,26.7721,2
-5.5011,13.3913,2
-1.04476,5.9559,2
4.40901,9.32368,2
2.9172,16.54,2
7.26595,10.6479,2
10.3204,13.3686,2
9.35213,10.4243,2
6.64853,11.0753,2
-1.92231,4.88849,2
7.22604,13.0295,2
8.32729,8.541,2
17.6905,21.5956,2
16.5835,18.1611,2
12.3542,31.9671,2
2.47114,5.48276,2
18.4925,29.4242,2
10.1196,7.16208,2
20.4025,3.94332,2
12.7159,4.53166,2
24.3586,-4.0644,2
21.7431,15.9089,2
12.2721,-9.61212,2
18.2968,22.3856,2
3.53096,8.6733,2
5.02604,36.0377,2
-0.863301,-7.58625,2
26.8389,13.1371,2
19.12,7.20971,2
-0.884164,27.1525,2
-5.19153,29.6561,2
9.79609,15.436,2
11.6631,10.6343,2
9.9252,26.8036,2
33.91,15.0265,2
9.57004,9.2481,2
-16.2653,13.9002,2
15.1058,3.35005,2
-4.1865,7.96441,2
12.5482,32.5187,2
-7.73347,9.63449,2
18.9134,15.7414,2
-1.05002,-4.00346,2
-6.89476,1.0418,2
23.0503,-12.7693,2
25.9607,11.4452,2
7.9508,6.81141,2
-3.66952,-4.3297,2
10.5227,23.3561,2
26.2945,10.5181,2
12.429,23.1566,2
0.117024,24.6527,2
-1.04002,1.62986,2
11.1627,9.0201,2
13.6145,0.883219,2
8.02804,14.8297,2
20.4025,22.0472,2
8.81803,18.9042,2
-0.316315,21.406,2
7.19019,9.13962,2
-0.471147,-8.29095,2
16.6546,-1.51989,2
10.5171,-5.01859,2
17.9631,14.4671,2
-1.31553,11.6027,2
5.11373,3.96143,2
32.2584,-2.7127,2
-10.5909,15.4029,2
21.6089,17.75,2
11.3114,1.03176,2
11.306,3.06896,2
15.5114,8.94309,2
15.372,18.1792,2
3.77755,13.3342,2
17.2799,13.978,2
-3.34973,26.6599,2
15.7257,6.37398,2
25.51,15.1584,2
16.6828,18.9594,2
-4.73469,24.0957,2
25.0879,19.6938,2
7.03836,10.6667,2
4.52121,-6.6353,2
6.45451,13.6627,2
5.32254,22.3855,2
0.631653,19.7941,2
-5.66913,11.3251,2
9.84381,-4.6955,2
15.3917,14.1453,2
1.28958,10.0995,2
17.1033,6.20779,2
17.1327,6.60923,2
9.70176,12.335,2
18.8035,-3.16076,2
6.08478,4.68919,2
-6.02519,26.6126,2
4.2376,7.31544,2
16.8223,8.13356,2
-4.76883,28.6582,2
0.506142,4.9463,2
12.5735,10.4149,2
16.3537,6.87431,2
0.100974,2.59025,2
13.6756,-12.7296,2
2.47736,8.42026,2
14.9928,15.1639,2
29.7171,15.6287,2
17.4849,3.3823,2
13.4581,-4.13764,2
2.2072,-1.55449,2
23.0513,24.3949,2
32.7422,25.5664,2
15.563,24.9426,2
8.13265,8.99871,2
0.458087,-9.89124,2
-9.16429,5.02929,2
-3.03171,20.2335,2
12.1239,15.103,2
19.9528,29.1498,2
13.0048,27.2309,2
10.4399,25.7741,2
0.351724,12.2222,2
10.3731,6.86377,2
17.9542,4.45569,2
21.0629,3.60787,2
39.5297,58.1092,1
14.0081,11.5225,2
-1.77779,14.6211,2
0.75257,-7.38184,2
-2.32955,5.07032,2
1.77457,6.27857,2
10.6958,16.3057,2
18.1115,34.1242,2
0.241777,27.0464,2
-0.420236,4.10583,2
15.4143,14.7826,2
8.46356,23.049,2
12.0307,17.4116,2
18.6873,6.94908,2
6.36936,5.70033,2
21.8292,5.56407,2
7.61541,-5.02438,2
5.82325,18.4028,2
22.352,8.52617,2
6.43462,21.1697,2
0.556095,-4.86608,2
6.73706,-11.7331,2
-1.39268,14.6454,2
4.93514,24.8681,2
20.3551,26.9812,2
8.62467,10.6717,2
16.3175,11.6408,2
9.01488,14.4225,2
17.5983,26.6602,2
2.63665,24.0478,2
13.8261,16.2716,2
10.3978,3.80489,2
-6.27359,3.879,2
-11.8806,0.178802,2
21.0205,9.69072,2
18.2563,16.9413,2
24.9635,-1.15822,2
10.137,6.44666,2
3.50907,16.5541,2
2.40992,-0.344519,2
16.0843,7.56262,2
5.98702,7.45653,2
12.639,14.3508,2
7.39254,22.613,2
10.3721,-1.25827,2
-19.0179,0.65073,2
3.03082,4.58099,2
34.0303,-3.71642,2
-5.84348,13.7914,2
36.9561,-1.24527,2
-0.188409,-1.86653,2
17.2829,1.55855,2
8.9204,29.1945,2
-5.87356,6.45673,2
17.7626,24.0229,2
12.4948,22.4707,2
12.6087,3.21259,2
3.6066,14.2479,2
20.4834,13.7453,2
31.6423,13.0469,2
4.7459,7.31713,2
-5.29548,6.00101,2
7.23831,19.9863,2
6.1446,19.9103,2
9.83784,8.33638,2
18.6469,5.14676,2
-0.563863,9.67398,2
5.21368,21.8314,2
-0.199388,9.17621,2
22.4283,8.39086,2
19.3956,-7.41282,2
31.2843,4.13146,2
8.38089,0.264759,2
7.84069,13.2006,2
23.8599,6.1715,2
6.18866,24.9264,2
18.0839,19.7421,2
14.231,12.4382,2
14.4807,8.66163,2
30.9199,17.5776,2
4.11705,3.29907,2
18.1007,9.57245,2
-3.77702,1.11521,2
18.4716,8.86141,2
30.6919,21.9132,2
1.83869,13.1765,2
14.2213,16.9616,2
27.7096,10.5258,2
9.95613,7.89005,2
11.7273,14.0009,2
2.15448,14.1635,2
-0.212043,1.33088,2
-1.73898,16.9849,2
2.29907,-0.293426,2
22.0115,-0.446946,2
4.27524,16.6738,2
19.3894,4.43682,2
8.80722,13.2382,2
-0.765818,-4.00481,2
12.6913,13.5292,2
12.7313,7.0508,2
8.38822,23.4535,2
23.4271,4.59864,2
4.0461,7.63494,2
7.66703,3.19363,2
22.608,5.13032,2
14.7439,28.7673,2
20.532,8.01565,2
16.4604,16.8153,2
12.7067,11.4821,2
-1.47406,3.32956,2
35.0496,14.4484,2
2.52918,15.5672,2
28.9961,-15.5783,2
10.5788,6.30769,2
5.52815,14.1243,2
12.4802,2.72892,2
18.1003,3.89169,2
11.1713,11.1006,2
14.5854,25.9921,2
27.2157,-1.98064,2
-1.40271,22.3755,2
-14.6687,9.79232,2
28.2516,14.2851,2
2.68876,3.03,2
9.58344,12.0051,2
3.65772,1.64987,2
3.57571,14.8024,2
34.6256,4.38465,2
36.1229,12.0585,2
12.5606,-4.73304,2
37.4836,34.1281,1
1.91527,22.2806,2
18.1403,3.56912,2
-1.21498,-3.31858,2
7.64643,29.9226,2
-2.84451,13.7112,2
14.6273,16.4933,2
-0.374269,15.0649,2
10.158,13.3361,2
19.4574,11.2931,2
-6.23644,9.58152,2
0.287064,6.75625,2
7.02539,8.29963,2
6.20541,29.4193,2
12.373,4.15216,2
-8.00196,15.6284,2
9.8795,13.9437,2
12.8322,20.9837,2
10.7114,18.5933,2
10.097,9.91522,2
17.8996,6.4513,2
-6.72069,14.9937,2
3.71273,7.36137,2
-16.2239,17.8179,2
8.71418,24.1012,2
17.0525,5.22786,2
-14.6917,31.7999,2
7.94342,10.268,2
14.005,21.5472,2
-1.30287,2.06334,2
-0.762477,7.00141,2
21.5463,21.1348,2
1.23273,12.7823,2
1.60279,2.21058,2
-6.67934,12.6192,2
-6.89254,2.9428,2
12.3243,22.6829,2
21.0247,26.1379,2
6.44312,-3.98495,2
22.392,13.5891,2
18.066,2.75352,2
8.13696,22.734,2
13.1421,24.2124,2
11.5145,15.9223,2
-2.5056,15.3074,2
3.29959,13.2484,2
-4.79522,1.21583,2
29.0848,10.3014,2
5.12492,4.62743,2
17.0608,9.96535,2
-0.340825,11.8596,2
15.2953,9.07695,2
6.39995,23.0467,2
14.5224,17.6934,2
28.8567,4.00733,2
10.7719,5.78727,2
7.42865,15.7771,2
-6.63765,14.0471,2
17.0881,8.2231,2
15.0776,-13.6894,2
-22.1521,9.51164,2
5.04531,1.78484,2
-2.52179,-7.60383,2
32.855,0.321004,2
6.07076,5.57969,2
3.50881,-3.73833,2
9.81884,2.40771,2
11.9335,18.7847,2
2.85006,-4.31489,2
5.20408,6.95764,2
13.5635,9.16074,2
2.63118,5.67723,2
6.51799,-0.974309,2
15.8008,19.6423,2
14.0739,-1.57705,2
-3.88839,0.406288,2
18.6915,10.0613,2
21.0912,26.4595,2
2.45929,6.83833,2
6.51319,-0.724332,2
24.3063,14.3975,2
13.9456,0.758121,2
-2.66471,-6.36948,2
8.10625,0.492009,2
17.0732,25.842,2
6.04943,22.9296,2
23.9403,27.2798,2
-7.40131,-3.55581,2
2.92675,22.417,2
-2.77431,-21.3607,2
-3.09462,16.6038,2
15.6634,18.6082,2
22.3694,20.297,2
-0.984013,23.2461,2
28.6348,4.79718,2
21.8801,12.6674,2
-3.62151,4.75014,2
12.5211,8.46408,2
-22.496,0.139292,2
17.3336,3.26889,2
-6.88401,-1.82491,2
10.2115,24.4521,2
12.1481,12.0658,2
-1.92487,-0.136134,2
21.6019,10.233,2
15.6634,13.8937,2
15.0212,9.18774,2
13.6019,16.8866,2
4.5541,37.1763,2
12.5606,7.90006,2
-11.5346,11.6395,2
24.588,1.86082,2
-8.38191,14.3541,2
-6.11426,7.36337,2
-5.19861,12.7868,2
21.1798,10.3698,2
6.73499,23.1993,2
10.197,15.4311,2
12.0408,17.2365,2
25.8683,2.3964,2
-5.33504,7.57804,2
9.82423,6.06933,2
14.2497,27.3935,2
5.55339,13.3063,2
9.22488,-2.70272,2
16.7274,15.9524,2
13.1971,14.4752,2
13.4767,-4.12387,2
6.28349,11.5509,2
15.3862,-8.22619,2
10.9682,9.92254,2
14.3925,3.20317,2
22.9197,20.6669,2
12.9942,15.3486,2
24.3881,18.264,2
-9.46783,0.643459,2
-5.98895,22.6705,2
-1.76662,18.5082,2
-2.99721,15.3621,2
-2.98059,14.5419,2
19.1852,12.0559,2
18.6205,-6.34877,2
4.54183,3.5868,2
2.02983,35.5239,2
18.0813,6.85388,2
16.5518,29.2598,2
20.8149,0.204134,2
4.77324,11.5506,2
17.5412,24.4892,2
11.232,27.9566,2
19.8841,3.37349,2
-3.51183,6.03616,2
19.8379,5.66016,2
21.5811,2.3089,2
12.7755,11.2617,2
-3.64039,-8.61112,2
22.1939,13.6751,2
24.5281,3.52037,2
-2.05568,19.0635,2
22.105,10.3223,2
11.0134,25.311,2
19.3442,17.9691,2
-3.01135,22.654,2
4.86415,-1.24612,2
-12.9338,4.05231,2
-3.22504,2.06601,2
27.5163,9.72616,2
15.9569,0.290234,2
5.76396,18.514,2
24.5311,23.7268,2
12.1378,-1.2417,2
-6.74228,10.8888,2
1.71273,14.6842,2
4.11435,23.4369,2
24.5742,17.2092,2
12.0915,-2.06183,2
6.3801,19.504,2
15.4881,21.7191,2
3.57273,-3.07815,2
26.3567,20.4721,2
14.7847,23.3459,2
-1.27928,0.933004,2
0.0112925,8.00801,2
5.98477,1.96194,2
8.85857,17.1847,2
19.3765,2.1225,2
9.10579,19.5116,2
9.64345,6.24165,2
-3.10917,18.9186,2
10.541,-3.39495,2
4.57333,11.783,2
22.9868,10.0736,2
-10.7796,14.0827,2
5.63292,18.0896,2
5.78256,12.3217,2
27.1903,10.5824,2
8.92082,30.3419,2
-1.78105,10.9877,2
-0.7275,-7.87921,2
23.34,16.6664,2
16.0058,1.37496,2
22.9711,15.7172,2
8.99378,-9.01458,2
8.24977,-2.67978,2
5.36869,12.6052,2
25.4552,22.2226,2
16.1015,11.3855,2
25.9423,5.39659,2
13.9685,23.8073,2
1.05977,2.48289,2
11.199,27.3492,2
10.0185,12.379,2
-5.96402,14.3096,2
14.6927,13.9403,2
5.16223,-3.94919,2
16.1365,2.49128,2
-8.42749,17.2857,2
17.4603,23.5299,2
4.83979,2.03509,2
24.7808,8.78768,2
3.28531,-2.70431,2
1.31718,13.3529,2
5.00065,13.5056,2
-2.90272,2.24029,2
12.8608,12.7293,2
6.36986,11.5665,2
5.91316,24.2298,2
-4.09876,-5.00835,2
-0.762595,18.5798,2
15.5851,11.2732,2
5.4032,11.2204,2
-1.12467,31.2817,2
6.12059,10.1682,2
6.07585,31.1603,2
-8.39991,8.8309,2
36.1788,-22.1776,0
2.1993,12.8455,2
8.84536,21.626,2
-14.181,1.87121,2
34.6409,11.6499,2
-0.769669,8.42469,2
-6.12447,23.0546,2
-14.6514,10.9695,2
11.587,14.4966,2
0.82045,10.6232,2
28.5049,10.3034,2
-8.36784,4.38602,2
32.4515,7.48842,2
6.73357,18.125,2
10.6445,16.7686,2
3.21932,19.5702,2
10.7458,27.0038,2
4.20772,2.85136,2
13.8741,13.7802,2
-10.3196,15.4605,2
11.6527,1.74313,2
25.7844,2.96188,2
12.4876,18.1563,2
7.27606,14.0826,2
9.18829,18.2449,2
7.06614,17.0394,2
2.46203,7.64494,2
12.1005,15.328,2
-0.531199,13.1453,2
10.1915,5.41425,2
8.34839,17.0936,2
-7.4093,15.4642,2
15.9942,13.5129,2
-6.60886,-0.939307,2
13.8656,6.094,2
24.6499,6.49425,2
20.5186,17.5951,2
11.2614,2.01368,2
5.03487,7.49916,2
1.19408,23.5075,2
13.1918,12.7636,2
9.72827,11.8072,2
13.9332,15.7472,2
18.4365,12.1825,2
12.6075,32.6225,2
6.42905,1.97263,2
12.3322,-14.7396,2
17.0251,8.81927,2
39.8902,23.9969,2
20.9893,17.2964,2
11.6534,-5.65759,2
15.0914,25.0266,2
11.2271,-8.07513,2
10.7656,-4.98842,2
3.91087,18.4119,2
9.76956,15.2687,2
12.9894,5.86834,2
15.6211,6.47414,2
10.134,-2.4998,2
1.27228,6.6446,2
28.9397,2.33154,2
-10.5051,20.751,2
0.224292,22.1642,2
23.2098,11.4096,2
17.6103,1.97416,2
7.37956,-5.53715,2
10.1012,5.68066,2
18.1536,9.89219,2
21.836,26.0912,2
19.9409,14.9215,2
-1.47513,8.28278,2
-7.94303,-3.83022,2
11.3046,8.81906,2
20.7643,6.11845,2
12.4683,7.27509,2
16.6402,1.67232,2
-11.4547,7.74168,2
7.89176,-8.19083,2
5.29503,24.1112,2
6.69505,20.8704,2
5.53627,15.6592,2
-1.78615,18.3847,2
10.1093,19.3781,2
12.3645,25.6544,2
24.2608,6.21167,2
-2.91337,-0.534563,2
19.3049,14.9908,2
-7.13408,-5.31856,2
6.65813,-0.820713,2
13.5678,3.18159,2
9.16516,12.4447,2
16.5765,19.4405,2
13.0403,25.823,2
12.1019,-7.60438,2
3.82096,7.38907,2
10.4859,11.9749,2
15.8932,17.6041,2
4.46537,18.8393,2
6.58334,25.9991,2
-3.65757,8.82105,2
9.94055,-12.2074,2
28.1356,-7.67182,2
7.35146,3.72413,2
25.1494,4.75645,2
-6.34752,11.7005,2
8.46982,1.85483,2
15.9227,21.0545,2
13.1624,22.885,2
6.61163,7.60246,2
14.5521,-1.46652,2
5.98436,2.76145,2
-2.99075,18.6798,2
10.4776,13.9604,2
15.7069,3.71145,2
31.103,3.89738,2
-0.268285,14.0739,2
15.7714,3.52523,2
-4.96197,27.0542,2
10.7859,2.02209,2
18.0671,31.1079,2
7.0072,16.1571,2
5.32458,16.398,2
25.6998,3.05663,2
20.72,23.5893,2
2.09015,9.11213,2
14.5711,-6.99086,2
15.5114,-5.55423,2
25.3493,25.9626,2
-2.52372,6.68242,2
-0.244671,-0.727191,2
-3.78723,2.67938,2
4.14692,13.8495,2
3.62979,-4.12287,2
27.0833,19.2256,2
9.19468,18.3967,2
12.3431,2.64234,2
7.80815,4.43754,2
11.6099,7.292,2
5.9895,8.107,2
4.25995,9.58588,2
16.3885,16.9085,2
5.56846,7.26055,2
22.8137,7.45684,2
14.0488,15.9274,2
3.02708,7.60309,2
18.7379,0.0247878,2
28.0562,31.5678,2
-0.396364,-3.10496,2
-1.19963,12.6904,2
0.727073,2.26189,2
27.0916,15.8248,2
8.93656,4.49961,2
18.2334,15.6426,2
-0.429218,2.21103,2
15.6607,19.9897,2
14.2337,15.7627,2
5.82982,10.3447,2
4.23092,1.73552,2
12.1918,15.0386,2
5.10318,3.64185,2
7.08866,6.2657,2
0.0134129,14.394,2
16.0705,12.1837,2
31.6029,8.55297,2
-14.9473,16.5969,2
38.0434,2.13859,2
24.3064,7.06776,2
29.1277,5.91117,2
2.7343,9.55194,2
5.49097,15.1099,2
25.7695,3.32471,2
15.6777,28.0466,2
27.4595,4.0046,2
6.71577,17.9191,2
4.45301,4.26552,2
21.7786,12.286,2
12.709,12.2558,2
6.46003,2.5032,2
-8.20779,27.7291,2
9.91443,14.1201,2
14.4853,4.17813,2
15.6044,1.94312,2
-1.80937,9.6628,2
16.427,-3.17143,2
6.08425,10.3338,2
8.62729,-2.30743,2
14.2866,3.92962,2
-11.5453,-20.0189,2
5.57577,10.6737,2
-2.53706,10.2585,2
20.0905,9.33872,2
-8.85235,13.4805,2
4.20942,17.8011,2
10.5794,13.8052,2
1.86462,11.3982,2
10.8485,18.4853,2
-0.770336,24.8807,2
14.3699,10.3415,2
1.48944,-4.19631,2
26.4496,3.56247,2
-4.26679,3.65383,2
8.97684,18.4039,2
20.7749,13.1825,2
27.6371,19.1391,2
16.2934,8.55099,2
16.8783,14.8328,2
16.8255,9.97662,2
5.16535,6.9856,2
50.9744,19.2601,0
-0.121684,14.1178,2
-8.03216,11.6519,2
-0.771191,9.47847,2
7.82228,4.63563,2
-2.54269,31.2995,2
12.4154,10.0566,2
10.4471,6.14712,2
10.0277,15.3303,2
15.529,5.2414,2
9.74757,11.9903,2
19.9816,14.5416,2
18.3643,-4.59378,2
13.2272,7.87343,2
-0.556877,6.2336,2
7.47601,16.6445,2
-2.54106,16.4145,2
14.305,11.8489,2
3.96736,20.7288,2
0.227164,29.0848,2
11.5732,14.5351,2
2.31877,19.8587,2
1.74814,10.9386,2
17.7825,4.55875,2
-4.29023,4.42595,2
16.531,4.67193,2
7.54609,10.2789,2
13.152,8.5401,2
0.530475,18.3346,2
21.3589,27.1003,2
-0.527498,17.2968,2
12.9459,12.2368,2
20.5601,-0.527743,2
0.369141,-4.90859,2
10.8858,-2.08488,2
1.04785,14.6625,2
17.2847,1.17794,2
8.22451,18.2127,2
18.7966,1.55891,2
2.29463,11.4626,2
13.1638,15.7081,2
11.9687,22.3184,2
18.1468,1.83659,2
6.30985,10.4237,2
12.4981,13.0234,2
6.25429,28.3569,2
20.5799,19.2585,2
-0.675866,6.13237,2
-2.52902,29.8488,2
2.53113,31.6244,2
16.9888,14.5792,2
2.59983,20.3945,2
6.32638,0.826507,2
13.8971,7.50579,2
-5.49349,19.4358,2
21.96,24.6108,2
7.30367,2.84102,2
22.3577,1.494,2
2.10492,5.70593,2
26.1846,-9.62667,2
20.8077,10.346,2
10.5703,34.3987,2
-7.88056,13.9566,2
6.53468,16.0591,2
6.42119,22.4082,2
2.53633,2.95598,2
17.0294,29.7682,2
-0.486234,12.2368,2
1.18836,8.1027,2
-3.90696,5.57888,2
5.44187,5.8749,2
18.6601,-4.47088,2
13.3351,3.55772,2
24.1253,18.5255,2
12.9869,17.4344,2
13.3588,9.17312,2
13.4186,-0.0761912,2
5.22436,22.7199,2
10.3421,16.271,2
-0.36937,11.2567,2
12.9164,31.9935,2
0.909018,24.9185,2
-1.40927,9.20392,2
-4.36598,16.9166,2
10.2559,22.3526,2
12.4367,10.2377,2
-1.17046,15.728,2
-6.2296,23.0203,2
9.66363,25.2942,2
9.05127,12.5823,2
0.876711,20.0813,2
4.49293,16.6176,2
15.5308,10.3722,2
0.789848,22.085,2
15.8828,10.7026,2
15.6538,1.85582,2
7.00605,1.03478,2
18.0604,-0.409986,2
19.5014,22.8467,2
14.3448,-0.553633,2
6.58449,24.9582,2
0.721706,16.4536,2
8.03484,9.82613,2
22.0732,10.3196,2
8.20879,16.1026,2
-0.654028,7.41859,2
33.9034,3.2749,2
15.5583,13.5529,2
7.38788,15.8679,2
5.05123,16.5344,2
5.22969,18.3918,2
9.33995,9.98199,2
14.0292,2.41937,2
3.08454,30.3529,2
-9.02223,3.56673,2
8.1879,10.0744,2
4.38993,10.117,2
17.4911,9.63141,2
25.9419,6.53581,2
14.061,2.90585,2
4.65805,-5.76476,2
19.844,19.1273,2
15.5614,9.62353,2
7.17826,14.8557,2
22.6423,4.81697,2
-7.80429,-1.11159,2
-5.11891,7.38738,2
6.15276,14.2252,2
8.55186,24.936,2
3.13437,-6.63237,2
-1.16489,18.8631,2
48.1905,56.0067,1
48.3286,76.0944,1
31.4415,62.6671,1
37.6092,64.7549,1
52.6858,71.5361,1
48.723,83.2938,1
31.8552,59.3544,1
55.5533,57.3196,1
29.0634,49.3499,1
50.453,78.0142,1
33.5429,51.278,1
45.1109,46.3456,1
43.7305,67.1385,1
55.9023,44.4136,1
35.5114,63.0224,1
36.6644,60.0018,1
39.2229,42.7679,1
25.7636,72.0769,1
42.3128,66.0404,1
46.6654,58.454,1
57.7622,50.8,1
53.6406,53.1944,1
55.5931,72.5821,1
34.6382,62.9382,1
68.8138,49.4091,1
38.2267,55.0821,1
42.4184,73.778,1
44.4238,52.0499,1
32.4459,52.4647,1
43.853,49.0059,1
52.9356,51.5271,1
46.0593,70.1899,1
44.4331,58.9645,1
53.3247,66.9957,1
54.9349,52.0303,1
44.0033,60.1725,1
38.5423,53.1156,1
26.8914,60.1769,1
27.2274,47.0747,1
24.603,58.4465,1
45.1839,69.4577,1
35.5881,73.1741,1
28.1291,44.0628,1
39.8382,48.7039,1
40.0544,79.0523,1
54.4557,49.3449,1
58.99,59.5181,1
47.3125,47.8012,1
46.0577,70.0816,1
51.1862,60.5778,1
58.0116,62.8773,1
31.0512,61.8856,1
32.6354,43.2457,1
59.2191,75.1645,1
40.6654,81.7976,1
35.8268,67.834,1
49.3552,75.2932,1
57.813,55.6186,1
36.0708,51.27,1
33.8889,48.8369,1
38.753,68.916,1
44.3018,53.3765,1
43.4087,62.6409,1
36.2508,46.2489,1
35.6605,40.1618,1
44.1886,74.1813,1
42.353,68.8694,1
59.7276,71.6487,1
41.7742,74.6919,1
39.4858,58.3003,1
46.1859,49.0252,1
32.8916,50.1713,1
31.0353,72.2532,1
47.2611,67.1427,1
43.6306,63.0477,1
43.2038,57.5869,1
34.4568,54.8234,1
36.085,68.0006,1
55.9322,63.0773,1
30.0101,67.8034,1
40.1744,50.2332,1
40.5125,61.1607,1
44.8423,59.1714,1
44.9583,65.0977,1
49.3473,52.5669,1
24.1833,63.4871,1
41.5729,48.4145,1
36.9714,65.0233,1
39.8394,49.2248,1
39.4276,46.0725,1
33.8558,58.8609,1
32.4445,46.9804,1
35.1236,78.5697,1
36.9919,63.6275,1
44.0428,69.9476,1
47.6648,59.8041,1
46.3599,59.6595,1
71.5626,53.9153,1
28.9287,46.3305,1
47.1993,41.3957,1
48.1551,83.9858,1
48.4477,54.6517,1
35.1834,68.1984,1
52.2613,50.6406,1
35.7759,62.3721,1
43.3779,60.6526,1
40.4088,53.2129,1
46.3913,64.8,1
61.88,62.7935,1
18.9909,54.7946,1
35.5459,64.3444,1
50.3755,68.0559,1
54.5467,60.9891,1
44.1371,53.4071,1
45.5537,70.6302,1
45.6804,41.9937,1
55.0457,48.4673,1
37.8138,42.2453,1
33.5649,78.1099,1
19.2699,67.1852,1
37.2848,37.792,1
39.7756,44.8325,1
35.4631,70.3063,1
40.4144,65.258,1
26.7135,60.6096,1
40.5034,57.2223,1
29.8314,55.3533,1
40.0423,60.3869,1
40.9519,51.6069,1
51.6889,52.4718,1
24.695,50.505,1
62.7868,55.4173,1
21.0862,48.0703,1
22.0205,45.0129,1
41.0114,45.2085,1
41.4763,49.6987,1
43.1553,69.9619,1
29.0692,31.3981,2
33.9726,58.3128,1
35.5847,46.3767,1
31.5215,61.4499,1
38.5095,54.9348,1
48.5196,45.1665,1
51.8065,48.9226,1
59.9333,41.366,1
37.5244,65.4144,1
41.3851,58.3734,1
59.8998,45.3802,1
46.3229,49.5424,1
45.6916,60.9259,1
36.7952,78.2039,1
30.7087,70.3304,1
51.9706,80.7032,1
50.4709,64.8867,1
52.5575,66.8584,1
38.0208,75.947,1
47.8183,58.6544,1
45.8513,67.8525,1
51.3442,68.263,1
37.3332,67.9825,1
45.6113,63.2062,1
31.5076,65.7117,1
28.5189,73.797,1
50.7481,53.5764,1
39.537,69.9383,1
49.5637,68.6858,1
57.4164,42.796,1
35.5556,58.5235,1
42.9631,37.9755,1
41.9864,55.8098,1
32.5553,46.4426,1
32.3453,60.5751,1
24.4486,51.3662,1
39.5336,64.5308,1
28.8098,55.8043,1
39.8302,55.0415,1
39.4201,44.5322,1
42.7581,66.4283,1
23.1761,56.867,1
25.559,68.7241,1
18.264,40.0233,1
30.7078,63.3101,1
49.4344,79.6261,1
41.1535,60.2838,1
36.1754,65.568,1
44.0812,51.8445,1
43.2745,68.8557,1
49.3942,60.629,1
50.5336,46.0331,1
42.9527,71.277,1
30.574,76.2777,1
35.2099,69.408,1
39.5469,58.254,1
40.542,68.2933,1
42.1473,63.224,1
39.309,55.7802,1
50.0586,57.0934,1
43.6754,63.2172,1
39.7935,43.7381,1
43.4454,50.1969,1
41.6781,55.2896,1
48.594,69.6459,1
38.4608,61.0842,1
53.2652,63.8202,1
49.0517,66.4999,1
39.3174,67.486,1
41.2462,49.4765,1
37.8871,59.9165,1
41.1462,63.447,1
32.5216,73.2353,1
41.1081,44.6818,1
25.3489,55.2514,1
41.9661,60.389,1
40.6519,61.1123,1
31.384,66.525,1
59.7858,38.4913,1
31.3399,63.0905,1
40.9255,60.4377,1
29.6773,66.3807,1
32.5968,33.8671,1
20.8873,56.1875,1
37.8447,51.0132,1
40.5778,69.0649,1
59.6733,74.5556,1
36.6854,50.436,1
45.94,57.6818,1
64.9814,79.7121,1
36.9833,65.3546,1
45.6747,55.1519,1
37.5164,49.0635,1
51.3207,56.6337,1
46.1397,46.2681,1
46.3057,50.0793,1
58.7848,35.3728,1
24.4064,58.8738,1
42.2278,61.2397,1
19.3364,69.7832,1
39.095,60.0045,1
31.5454,56.1856,1
46.8105,51.3348,1
37.3142,60.648,1
35.3128,64.6146,1
47.034,66.3274,1
43.2005,64.0138,1
57.7837,73.3098,1
51.9535,50.6932,1
37.0409,60.5189,1
33.2608,75.7104,1
45.9442,71.4994,1
35.7338,46.9001,1
40.7638,67.6875,1
35.1455,65.5663,1
35.6618,56.8002,1
28.8832,43.268,1
31.2726,66.3293,1
34.1375,60.9609,1
47.3373,68.169,1
31.1882,78.4396,1
37.9216,63.1141,1
53.294,55.5026,1
61.3843,59.912,1
43.7581,67.4581,1
38.9263,43.1209,1
30.6308,79.4669,1
28.5239,59.1446,1
34.3243,60.9435,1
24.5469,64.8025,1
36.0082,46.6839,1
21.6058,46.6264,1
44.0326,64.4278,1
33.9977,56.5514,1
43.6037,61.2535,1
46.9253,54.0869,1
50.5013,60.6236,1
53.492,41.0788,1
42.6763,55.9325,1
27.9942,53.6819,1
39.4321,57.0157,1
26.7737,63.055,1
42.4097,49.9573,1
36.2269,57.2122,1
38.4616,67.3307,1
43.7814,65.9231,1
32.7829,73.0124,1
34.3323,60.3176,1
38.6276,57.3956,1
40.8015,39.9437,1
34.4872,50.5679,1
37.2823,51.4642,1
36.29,72.6288,1
27.3245,51.9754,1
43.0179,72.6222,1
30.6214,49.7399,1
51.5436,37.5978,1
54.4748,52.0351,1
46.6837,76.3896,1
36.4019,55.5085,1
32.7992,57.2413,1
63.0172,51.6779,1
30.4844,39.3305,1
36.6763,87.2712,1
18.9438,59.3333,1
43.459,51.9299,1
37.4801,68.5579,1
45.7994,71.7339,1
39.6938,58.779,1
43.6052,51.595,1
49.1821,66.2072,1
25.8368,47.1027,1
30.9034,53.1358,1
40.2049,60.9674,1
46.9846,52.6128,1
39.3711,46.2908,1
40.281,59.0358,1
40.4417,47.7812,1
37.6605,59.7341,1
38.1105,44.8967,1
48.2845,41.4901,1
49.2973,63.1612,1
22.4813,74.589,1
52.9,58.6627,1
39.1711,60.653,1
46.2394,65.0309,1
38.696,84.0815,1
40.7953,49.7543,1
42.8469,57.7991,1
65.7186,53.4598,1
32.2481,67.1896,1
37.5053,72.1523,1
46.1963,63.3723,1
46.939,50.999,1
30.8288,59.5577,1
53.3596,52.7618,1
48.1544,68.7367,1
33.2117,38.8796,1
29.9205,77.0394,1
37.6465,56.9942,1
35.9354,77.8208,1
47.7004,64.4749,1
25.7707,62.4538,1
41.9252,57.7624,1
34.4547,60.3225,1
30.7758,52.5812,1
26.1436,66.5815,1
47.2184,51.6808,1
55.7884,57.9788,1
43.2989,56.9797,1
40.8721,27.3162,1
49.8842,32.4528,1
20.5591,57.0199,1
25.0612,44.758,1
26.0159,55.7641,1
37.2542,65.3109,1
53.37,53.5624,1
38.849,56.9757,1
39.5191,61.6577,1
37.0202,69.5071,1
50.7491,56.2448,1
35.7051,58.4956,1
44.4439,67.4825,1
54.8174,61.4131,1
45.8822,63.4238,1
39.5361,65.0419,1
44.802,50.2119,1
29.9177,71.5639,1
25.3785,64.6102,1
41.2159,64.2774,1
51.4843,68.011,1
59.8522,60.6162,1
51.7046,47.8182,1
47.92,46.1582,1
41.992,65.3449,1
53.3892,71.5979,1
50.1365,58.4713,1
43.5589,50.0781,1
44.4882,73.6292,1
27.9251,67.8833,1
36.5708,72.4704,1
35.2982,65.0759,1
51.4997,63.6996,1
49.0467,65.2807,1
38.2185,56.448,1
35.588,44.7243,1
27.6534,61.1188,1
41.2298,53.6515,1
32.0089,46.2903,1
46.4965,55.9319,1
25.1281,45.5456,1
31.5079,35.0483,1
32.441,70.1503,1
50.4699,56.4963,1
53.0241,48.1896,1
46.2848,64.7507,1
21.9091,60.4956,1
38.1613,56.9973,1
32.7062,53.8651,1
30.5879,74.0785,1
42.8766,64.6049,1
41.1692,50.8574,1
40.4065,56.9627,1
27.9804,54.9994,1
39.8614,65.4042,1
44.0692,58.0179,1
41.2736,47.0327,1
29.5054,50.0764,1
42.7253,52.0659,1
55.89,57.7539,1
43.4373,45.5399,1
45.2159,56.2355,1
21.4689,50.9733,1
40.8175,63.635,1
34.8972,64.7425,1
38.8238,54.3061,1
39.8125,61.8196,1
42.2553,62.6501,1
44.3655,49.8799,1
31.5818,55.5397,1
35.2513,53.1516,1
50.7763,74.2215,1
46.6406,37.8112,1
50.7176,53.0659,1
49.0778,59.129,1
26.6323,64.1973,1
48.7962,38.6208,1
22.2003,73.1157,1
44.41,53.0465,1
63.8882,48.9789,1
33.5709,63.8494,1
44.8523,62.1739,1
43.8148,57.7357,1
32.1632,58.715,1
34.7683,55.5744,1
27.02,60.1669,1
36.8493,46.0122,1
36.1679,68.0474,1
54.3497,51.9426,1
47.1168,77.1879,1
57.4229,32.305,1
52.1803,65.1057,1
51.8591,67.5166,1
49.0318,60.3407,1
45.43,59.777,1
33.1601,67.7972,1
28.0741,60.4441,1
37.3923,60.0459,1
41.7159,54.8672,1
32.7979,73.6591,1
48.7379,49.5445,1
55.6171,57.0692,1
26.5962,54.8986,1
42.0857,40.1217,1
52.2118,52.7554,1
36.5551,62.3194,1
31.4381,50.3337,1
40.8735,69.9045,1
25.9709,68.056,1
35.1878,47.8352,1
30.7232,53.4992,1
41.9931,50.8747,1
30.885,59.0354,1
55.6338,51.2274,1
37.7075,54.486,1
27.1788,73.2271,1
55.7435,35.896,1
25.6644,58.5356,1
17.0096,68.391,1
43.9509,61.0425,1
38.8072,53.4242,1
40.3042,55.3052,1
39.7867,57.0653,1
63.9041,56.325,1
48.8809,67.8244,1
58.4025,79.2805,1
39.7072,64.7893,1
47.5908,51.5511,1
44.8464,52.3426,1
21.2783,50.8975,1
56.5984,65.8345,1
37.4802,57.397,1
49.1595,46.1219,1
37.6631,57.0688,1
41.8613,63.4137,1
51.7305,66.6951,1
47.6485,58.0867,1
35.174,56.0019,1
45.4416,84.8502,1
63.1487,70.5252,1
42.0856,54.2235,1
46.0151,58.3792,1
42.1182,66.5967,1
26.5105,64.8716,1
28.6794,67.3953,1
29.9876,56.6764,1
23.9753,53.6943,1
54.4766,68.4825,1
25.6685,56.6203,1
36.404,63.5246,1
37.7659,48.952,1
44.4968,53.9338,1
41.2125,67.4394,1
14.4695,62.2673,1
26.0063,58.303,1
47.8457,51.4676,1
44.965,81.8143,1
52.1229,65.7826,1
34.2726,65.021,1
36.3631,63.9463,1
20.3304,62.2077,1
58.2448,54.4585,1
28.1422,76.0657,1
40.8375,60.212,1
29.5803,51.3262,1
41.6875,56.7484,1
19.3453,49.8164,1
39.1098,59.9858,1
30.0601,59.5741,1
30.1187,48.1422,1
26.8017,69.7827,1
41.4497,56.7812,1
39.8413,49.9796,1
59.7836,61.2611,1
45.4482,64.8202,1
58.4162,58.5803,1
36.4692,65.3348,1
47.3934,54.8962,1
55.9766,75.7183,1
25.9073,51.4309,1
56.3217,55.5843,1
59.4772,54.7255,1
36.0495,34.2214,1
34.6199,75.2038,1
40.5639,60.7759,1
23.0575,43.837,1
49.6437,49.0249,1
22.8711,59.3668,1
41.1203,55.7994,1
55.2759,52.3251,1
45.4186,69.3077,1
42.5897,48.2737,1
59.7856,54.9783,1
46.4174,52.7212,1
13.4295,57.0356,1
50.9471,56.9318,1
46.0973,47.2256,1
34.8975,71.074,1
26.315,49.9957,1
30.8933,79.2258,1
43.2348,46.7374,1
44.944,50.6335,1
45.2223,80.5816,1
7.82642,39.4785,2
33.0762,72.8637,1
52.0466,62.5645,1
41.6757,60.3594,1
55.8476,67.5848,1
36.0455,49.415,1
36.2857,60.1017,1
45.7286,50.0719,1
39.0554,54.9417,1
20.2726,48.6266,1
27.3397,51.37,1
46.1347,55.6914,1
44.97,65.9913,1
46.3906,67.4866,1
47.0823,60.21,1
36.5394,60.5099,1
38.7533,61.354,1
42.6491,57.2992,1
23.0958,70.3421,1
42.4485,44.2183,1
33.4956,71.3277,1
47.0729,55.7378,1
24.9612,53.3238,1
45.4878,65.8565,1
59.2036,68.7447,1
44.0099,50.5279,1
43.6864,83.6586,1
41.8705,51.9223,1
43.7297,46.0009,1
38.5263,76.7572,1
53.4254,73.632,1
39.3374,51.2987,1
36.666,51.5154,1
41.9691,61.3064,1
35.252,60.7849,1
33.5615,59.8543,1
33.0713,49.4156,1
48.443,51.9085,1
40.7503,68.0989,1
50.3578,54.5735,1
44.5728,78.7787,1
24.5269,68.5783,1
54.2025,63.6184,1
41.3036,66.8662,1
37.4137,71.9252,1
26.862,55.3746,1
39.5514,43.2294,1
47.0057,53.6593,1
38.1236,57.13,1
37.5248,80.6469,1
39.2058,62.2125,1
52.3618,58.9935,1
45.0324,47.6918,1
40.8691,38.8456,1
48.0825,68.3959,1
54.8749,66.8465,1
24.5727,71.1835,1
35.0076,57.033,1
43.4415,65.2596,1
43.1622,47.0352,1
34.2429,62.9289,1
43.5832,56.5704,1
36.3556,67.9174,1
35.1833,55.0023,1
44.5179,68.3382,1
54.3914,37.3089,1
45.8673,87.3137,1
39.0908,66.781,1
27.7992,58.7492,1
33.0648,78.4781,1
23.5464,55.1984,1
43.4639,64.7171,1
35.4268,54.082,1
34.1931,71.5867,1
10.8867,68.441,1
56.591,64.011,1
47.3817,56.8736,1
38.495,60.4626,1
52.5126,67.0604,1
44.5458,57.8839,1
44.0385,53.6261,1
36.4159,56.9766,1
50.3143,61.4053,1
30.723,53.8472,1
29.8776,61.2164,1
59.2682,69.2984,1
35.0409,61.2028,1
44.8732,43.2095,1
29.2466,51.7367,1
50.0457,53.457,1
47.9772,69.3897,1
29.6133,70.9199,1
30.8934,61.3678,1
31.7442,58.7153,1
36.6042,56.8375,1
47.7842,53.407,1
23.2273,57.4777,1
51.3799,65.0128,1
31.3601,63.8653,1
46.7768,65.4152,1
44.1524,46.7658,1
41.4384,54.114,1
53.7794,55.5483,1
33.7694,79.5861,1
35.7972,55.5206,1
30.5384,72.9566,1
46.2286,34.5355,1
39.6789,62.875,1
36.8192,52.387,1
34.2718,48.9291,1
42.3284,63.1215,1
46.3353,63.2871,1
53.534,51.1408,1
40.6113,50.2109,1
50.6211,40.4521,1
36.4778,78.3396,1
52.3898,64.5377,1
30.0181,75.3173,1
39.0097,50.873,1
22.7188,67.9909,1
61.24,65.8906,1
39.184,65.6582,1
44.6903,57.9365,1
58.0471,69.7629,1
51.2556,61.3304,1
46.9212,83.3785,1
46.253,66.0652,1
52.4055,66.7307,1
40.289,53.2889,1
44.7383,63.2927,1
43.154,65.6595,1
44.8585,77.7308,1
42.8644,67.9051,1
56.2528,58.5454,1
51.6241,67.1546,1
44.7667,61.4852,1
48.9107,66.6066,1
20.2348,59.0307,1
18.9843,70.7978,1
16.3377,68.8414,1
49.4003,47.882,1
41.6653,67.5078,1
59.2293,74.6841,1
58.4733,53.6329,1
62.3667,50.9588,1
21.8554,54.8605,1
40.3886,61.3186,1
40.7419,47.6587,1
58.0085,42.8297,1
45.3545,41.8321,1
66.6613,50.6532,1
33.7756,62.4751,1
48.0913,64.8923,1
40.0826,51.449,1
29.5893,58.196,1
43.5803,65.9493,1
53.308,36.9828,1
28.8714,51.9019,1
56.4075,62.5939,1
29.4748,32.1973,1
33.2965,67.4377,1
38.7294,56.5956,1
32.2944,53.9696,1
32.4153,48.4431,1
45.7628,64.3847,1
33.8258,59.1682,1
22.6753,54.2239,1
13.1994,60.1388,1
29.5058,55.2877,1
45.7033,56.3137,1
43.7022,61.486,1
29.5313,66.0122,1
34.5871,54.2769,1
51.8449,61.97,1
46.4316,55.3816,1
47.3722,63.4538,1
28.5282,68.9904,1
53.7431,61.2076,1
29.9158,63.0665,1
51.858,68.0811,1
24.6532,60.9707,1
45.0766,64.1308,1
34.0918,59.9736,1
49.6956,67.6284,1
43.0814,55.2028,1
36.4547,50.9231,1
45.9549,50.0912,1
34.863,61.4327,1
31.352,65.541,1
28.8569,70.2024,1
38.0164,45.0045,1
39.3314,61.0199,1
45.4366,53.3631,1
21.1418,39.8683,1
52.6481,71.7278,1
36.5814,39.9215,1
36.9219,64.5808,1
17.7111,64.9493,1
43.1587,54.2345,1
47.1889,60.8616,1
43.7341,62.9692,1
46.893,65.5666,1
42.8727,43.2934,1
40.5345,61.7289,1
48.3142,54.0476,1
38.0558,45.262,1
22.1779,68.1016,1
56.9423,86.5532,1
34.7531,55.7262,1
33.9789,52.783,1
40.9102,65.1945,1
33.7199,57.2774,1
49.1469,64.1659,1
48.6168,65.286,1
28.1186,45.3309,1
20.4317,51.4603,1
50.9374,74.1835,1
22.291,75.6569,1
43.5103,58.554,1
60.1113,58.9857,1
61.2162,69.808,1
48.3362,41.196,1
33.3945,65.8239,1
29.3452,59.8559,1
54.3866,80.3684,1
34.7127,57.4701,1
40.3388,57.2267,1
62.2417,51.5783,1
40.1503,56.5846,1
38.7169,70.1477,1
39.1263,60.6359,1
51.6978,63.2792,1
25.6879,40.2733,1
47.9429,43.0879,1
67.8827,60.984,1
26.5508,50.8038,1
46.2943,47.3932,1
31.5288,62.1985,1
57.7825,63.3896,1
38.0402,67.4305,1
37.7145,51.815,1
62.5769,60.8324,1
28.86,51.2246,1
41.6221,58.1079,1
23.7497,67.9977,1
46.8576,54.2462,1
37.5762,62.8658,1
56.4305,64.4665,1
23.4233,62.4985,1
44.2776,57.3014,1
40.8865,73.0129,1
35.1498,69.2076,1
24.1779,55.473,1
41.7055,59.5582,1
36.3326,42.5066,1
39.0149,47.2949,1
44.8198,67.2306,1
40.0733,53.9174,1
30.9024,79.437,1
36.8103,51.5264,1
43.0381,57.5467,1
32.7947,64.1982,1
37.4828,63.4455,1
45.2916,76.7306,1
35.2422,55.9317,1
38.3962,63.3841,1
34.7919,55.6938,1
48.4339,46.1321,1
59.0144,65.7474,1
35.5323,63.1148,1
40.902,74.3216,1
41.5315,42.0337,1
35.5263,83.7151,1
27.8426,60.091,1
43.6027,62.1962,1
24.2975,62.7834,1
30.3854,52.9013,1
52.6765,32.6773,1
36.9756,68.2407,1
37.8756,68.2851,1
48.7574,53.3994,1
56.8605,59.4922,1
57.5825,67.8546,1
42.3023,54.4466,1
56.7201,71.6989,1
34.0922,56.2818,1
47.2559,56.9603,1
23.4829,54.3653,1
23.1287,65.2596,1
51.5916,62.7191,1
20.539,47.6915,1
51.8145,52.0764,1
48.4426,51.1852,1
62.4426,45.7898,1
17.2759,60.4627,1
53.7758,65.7963,1
37.0842,63.9499,1
47.9795,55.6167,1
35.2294,74.5508,1
26.4256,55.0765,1
40.2096,64.5191,1
58.954,59.6799,1
17.2138,69.544,1
32.9524,52.1871,1
59.6847,40.5305,1
30.5804,63.0801,1
48.7495,70.5113,1
50.6564,59.3203,1
40.4251,50.7349,1
45.284,51.5369,1
34.3472,47.5875,1
38.5902,51.3372,1
40.7196,74.1232,1
40.3791,50.3681,1
47.2627,70.0902,1
34.5522,56.4926,1
42.125,66.371,1
56.8191,44.971,1
53.694,66.8337,1
45.1185,74.8561,1
27.4244,66.7089,1
11.5041,56.9505,1
49.0322,62.7654,1
23.485,75.8531,1
50.9887,71.6814,1
27.5777,62.335,1
47.6622,65.1087,1
45.1389,67.179,1
45.7857,69.3101,1
47.9222,65.0094,1
48.0321,47.7857,1
43.6501,56.4826,1
28.543,59.4852,1
48.1445,60.2635,1
30.7346,53.4198,1
41.6581,72.9718,1
47.4207,72.1155,1
54.3157,51.0715,1
37.9804,67.0989,1
58.33,63.2521,1
43.1988,60.3607,1
28.1131,72.52,1
37.0109,69.2134,1
32.9744,69.7764,1
34.2086,61.2989,1
31.937,62.8759,1
30.9432,70.9592,1
43.4932,59.841,1
27.8116,72.6746,1
32.1525,42.5191,1
51.2961,79.8188,1
38.0315,54.715,1
29.2781,62.2445,1
44.4041,68.8485,1
23.3479,61.9408,1
49.3666,64.1402,1
17.6,69.1488,1
30.8534,54.0978,1
44.905,63.7959,1
57.3659,58.5086,1
49.0943,69.757,1
26.6611,68.3229,1
40.7047,53.4307,1
28.5509,56.3023,1
36.2591,59.3196,1
48.9883,66.1067,1
33.2631,69.8683,1
32.0235,58.1848,1
27.3042,55.4792,1
51.4497,71.1383,1
59.8133,47.9164,1
51.1465,60.196,1
61.6958,47.1176,1
36.568,68.2338,1
40.6483,66.7503,1
45.8637,68.3113,1
44.6064,60.1679,1
35.8866,49.3853,1
57.6828,60.1686,1
51.6255,49.4968,1
42.5861,62.545,1
46.0202,56.6968,1
46.4545,58.7095,1
38.305,49.6469,1
48.8456,65.3118,1
30.1567,63.6713,1
38.5379,56.7667,1
23.9704,68.7266,1
50.0286,63.9783,1
45.1862,61.1562,1
43.502,73.09,1
44.7494,43.9657,1
60.5608,43.477,1
51.1158,80.6534,1
35.8893,62.0346,1
32.3351,52.6811,1
49.0788,68.1873,1
50.339,64.5711,1
49.2665,79.6023,1
18.5558,68.1677,1
41.009,45.1027,1
28.0034,61.4737,1
18.1462,60.1302,1
53.9584,68.463,1
52.5372,68.1677,1
38.9393,62.9839,1
29.0506,62.4427,1
41.7522,64.6329,1
37.6479,47.9155,1
48.7925,64.5781,1
51.7763,55.9587,1
27.1077,58.8414,1
38.6845,49.5615,1
44.4864,56.5376,1
23.6054,43.4669,1
38.7037,61.0992,1
43.0074,55.9544,1
51.5679,63.6394,1
25.2691,63.8752,1
42.5698,67.668,1
38.0891,64.5408,1
34.785,45.5139,1
35.8893,55.3666,1
47.2224,66.0358,1
51.9625,51.7511,1
40.7898,59.2855,1
41.2741,67.8085,1
44.6697,69.177,1
39.1509,54.5605,1
29.1695,64.9487,1
31.7742,66.8761,1
53.4651,62.7748,1
40.4105,72.1411,1
42.6121,59.0638,1
39.5747,62.2744,1
54.5028,49.3523,1
57.9177,56.7345,1
45.6494,53.1359,1
21.8892,49.3023,1
51.0449,68.3193,1
42.0972,72.1595,1
43.0423,53.4863,1
47.1446,56.0835,1
45.6246,77.8197,1
55.2079,58.7165,1
36.0518,53.0863,1
43.74,58.9434,1
34.2326,65.0777,1
20.952,74.2487,1
32.8831,79.6915,1
38.3653,59.0739,1
44.5616,52.4033,1
39.3379,70.1444,1
49.1245,67.7672,1
22.9157,56.1177,1
45.6389,47.5868,1
42.7565,63.0704,1
46.3961,68.4075,1
46.887,66.433,1
54.8849,75.612,1
34.0548,57.1222,1
37.389,62.3226,1
48.2303,62.0311,1
54.7965,59.3972,1
59.5277,50.5821,1
50.2512,67.9668,1
46.2268,54.5365,1
48.9846,58.1462,1
45.0939,64.8811,1
44.7722,44.4438,1
34.0008,59.0896,1
28.3151,36.3037,1
53.0501,67.3468,1
25.1075,42.7024,1
46.0856,61.9767,1
50.6289,45.1979,1
46.688,47.4206,1
43.0739,77.9364,1
36.7023,53.6605,1
11.4737,68.6153,1
42.0809,66.4377,1
37.9622,52.4635,1
28.3078,70.5345,1
59.1856,62.1998,1
43.398,63.3542,1
37.6874,55.3331,1
48.8513,64.6936,1
42.2955,61.3545,1
53.1021,61.6518,1
44.1871,56.2951,1
47.345,61.4776,1
34.5298,67.0719,1
22.8245,57.0214,1
48.2783,53.9709,1
45.2767,52.0449,1
44.1797,64.3568,1
33.8575,60.5986,1
29.5707,55.9148,1
43.5061,62.0728,1
26.3383,73.3895,1
13.7721,64.0338,1
37.3943,60.1778,1
25.0943,55.0823,1
41.9199,45.2935,1
54.3148,53.6106,1
42.1865,61.3416,1
47.7406,60.9822,1
38.6671,54.8464,1
34.3314,63.6687,1
45.4968,46.2111,1
48.648,50.6988,1
59.7194,53.6724,1
48.1439,64.1741,1
55.1692,76.4785,1
51.5073,65.8246,1
42.6982,71.331,1
52.7367,66.5202,1
44.4935,44.0326,1
42.7971,51.5706,1
50.6069,52.8399,1
37.5125,68.1592,1
46.7384,65.5882,1
30.7426,54.6163,1
52.5088,63.6291,1
18.0654,67.9644,1
36.2207,49.6668,1
26.8746,69.528,1
46.4465,53.9503,1
37.5481,59.6955,1
26.1728,73.0274,1
42.929,70.0336,1
36.2565,64.536,1
32.7194,57.8397,1
45.616,61.5837,1
39.2679,57.9838,1
34.5547,66.6885,1
36.4591,70.1385,1
41.8317,77.9638,1
25.8382,63.5377,1
27.9007,58.7985,1
41.005,68.6259,1
34.0998,75.4178,1
29.1466,51.1214,1
41.3983,53.9203,1
54.1326,51.8997,1
36.2243,62.5983,1
29.9506,56.4072,1
46.805,70.145,1
41.9683,67.2712,1
12.7183,62.2963,1
44.393,59.582,1
24.4652,63.5787,1
29.6177,59.7444,1
21.7425,50.4529,1
29.3551,70.0581,1
27.2264,75.1853,1
51.797,61.6916,1
44.6203,47.4101,1
34.0668,52.8231,1
43.6208,50.2739,1
42.416,68.9313,1
49.6163,54.8229,1
33.7329,67.4262,1
55.7239,76.5193,1
27.8346,62.7226,1
49.898,51.1589,1
60.5808,69.452,1
56.1621,70.2076,1
51.3111,74.5914,1
40.3954,54.1705,1
52.4523,55.4299,1
45.6919,51.243,1
45.8566,65.6311,1
55.6934,65.965,1
36.0415,62.1499,1
28.3326,70.274,1
41.7959,77.0811,1
38.5499,81.2945,1
40.6717,54.7746,1
38.6708,67.8066,1
35.7546,52.1481,1
47.6405,62.9535,1
44.3881,50.8642,1
55.0709,45.4995,1
47.4801,58.8058,1
40.0536,72.8487,1
41.2942,67.8353,1
36.5353,78.0498,1
23.5224,51.3383,1
42.9862,55.5121,1
25.6087,47.5102,1
31.3039,71.489,1
54.7994,68.6921,1
33.3206,69.4527,1
42.2491,47.5264,1
29.504,48.8771,1
31.4295,52.8024,1
51.662,57.3273,1
38.165,53.4543,1
44.6557,61.1483,1
68.7762,-23.9088,0
56.2253,-5.29466,0
84.6297,-8.59249,0
95.9176,-17.0849,0
66.9327,-3.23193,0
68.5361,-26.1859,0
76.5359,-3.30433,0
76.2344,-11.4189,0
54.1695,-19.0112,0
72.5826,-16.8392,0
81.5622,-1.69438,0
67.9916,-17.6481,0
64.7125,-14.863,0
70.762,-13.4053,0
80.1595,-1.89515,0
64.5489,-1.18837,0
72.7677,-1.91395,0
79.9837,-20.64,0
79.1387,3.93355,0
44.2821,1.78578,0
64.1403,-9.61321,0
59.1693,13.1008,0
81.542,8.74985,0
74.1221,-22.6696,0
69.5198,-12.9416,0
80.765,-7.23887,0
54.9825,-5.8274,0
63.8552,-1.50298,0
70.2458,-22.4808,0
64.3179,-12.3787,0
86.6356,-20.3488,0
84.9455,-11.8197,0
84.2201,0.213656,0
64.2986,-7.74864,0
78.1097,-14.8313,0
75.8611,-11.6354,0
90.3136,-6.73431,0
62.7257,-18.5082,0
75.5421,-4.17034,0
65.4566,-10.5799,0
61.9109,-20.5529,0
59.135,-18.5438,0
60.5248,4.00296,0
80.685,-10.6256,0
66.7793,-6.61398,0
66.1593,-12.4195,0
66.3299,-0.985663,0
63.9011,-8.54786,0
82.8677,-7.53038,0
85.2156,-24.6987,0
67.608,6.66954,0
66.3577,-24.4325,0
65.3489,-16.1539,0
95.9356,-13.875,0
55.3012,-3.16444,0
53.7059,-22.0646,0
58.0494,-2.86047,0
75.8307,-11.8501,0
61.3122,-19.0784,0
77.7234,-2.87735,0
85.9702,-17.8113,0
68.2638,-19.1556,0
77.1047,-19.0153,0
78.1913,-8.50906,0
65.1043,-3.43562,0
79.5281,-27.6338,0
75.1826,-6.52501,0
73.2282,-3.60166,0
67.8786,6.67004,0
10.2759,10.2002,2
68.7345,-14.8505,0
68.8034,0.203622,0
70.2339,-1.1119,0
74.1148,-7.36288,0
52.9466,-26.1116,0
61.4234,4.10658,0
75.6449,-27.2907,0
70.1916,-15.4267,0
57.0214,-28.3796,0
62.7464,-13.188,0
65.8521,-20.2026,0
74.1682,-9.08978,0
69.7504,-0.384261,0
57.0482,-16.4845,0
78.26,-7.99833,0
63.723,-24.2351,0
64.2536,-12.8052,0
60.5113,-0.360461,0
64.8359,-2.82836,0
64.009,-28.7433,0
84.3693,1.67245,0
65.8938,-9.09198,0
66.9724,-19.9325,0
84.0838,6.85201,0
68.2376,2.76248,0
72.2507,-17.1596,0
55.2347,3.78927,0
75.937,-4.40856,0
68.6734,-4.80161,0
56.0115,-17.8486,0
77.5258,-15.7003,0
88.9508,-19.4484,0
61.6801,8.50906,0
94.7001,-6.38503,0
66.7021,-29.7326,0
77.8246,-10.0617,0
87.9106,-30.9648,0
61.9166,-8.82706,0
80.8771,-0.71624,0
80.8967,-23.3899,0
66.703,4.80351,0
63.1902,-20.6124,0
76.8137,-26.9024,0
65.0688,4.38601,0
95.3221,-16.9834,0
57.7216,-15.6049,0
55.3736,0.158291,0
69.3806,-12.9908,0
67.8151,-4.81125,0
76.9759,-8.36036,0
77.2747,4.90335,0
83.3595,-22.2637,0
61.0979,-14.2977,0
65.8269,-19.2142,0
74.9586,-4.13406,0
62.6069,13.2054,0
51.7192,-0.178858,0
74.9325,-0.586423,0
79.3851,-19.2217,0
75.7772,-26.5041,0
58.4634,-15.1327,0
75.4708,-22.6027,0
44.9144,-5.19713,0
68.6896,12.4745,0
61.0337,0.795034,0
58.8389,-2.27643,0
82.0228,-8.85435,0
70.7745,-12.753,0
79.7754,-28.6691,0
74.935,-3.32777,0
72.1292,-12.2779,0
80.8446,-2.63668,0
57.6316,-1.22167,0
80.5242,6.84538,0
63.2352,-24.7268,0
82.1842,-29.5122,0
97.3569,-2.16307,0
60.7848,-31.0398,0
70.7429,-22.16,0
74.0169,14.5166,0
66.9194,-12.2479,0
76.095,4.34331,0
81.781,-8.72716,0
80.0955,-4.2323,0
73.3289,1.53838,0
62.5895,4.46843,0
67.3544,-16.6199,0
86.3266,-14.4584,0
71.0499,-2.68324,0
83.7876,26.4973,0
74.8575,-5.0595,0
77.7222,6.09352,0
68.9779,-4.12329,0
59.1771,-14.7376,0
50.4971,-17.9073,0
80.156,6.28412,0
73.3179,-9.30513,0
59.612,-4.42507,0
68.8815,-9.89383,0
88.6638,-7.90944,0
54.2285,-16.3224,0
71.3284,2.89615,0
77.8304,-5.41092,0
72.2953,-1.64381,0
60.8772,-22.1124,0
90.3348,-5.94824,0
74.3138,-20.8508,0
73.6849,-4.39218,0
67.7308,-18.7821,0
70.874,-13.9133,0
58.8981,-1.26363,0
61.021,-13.0076,0
63.8849,4.27643,0
60.2646,0.771627,0
70.3064,-11.6681,0
73.1918,-4.82311,0
58.2695,-13.5815,0
73.826,-5.2967,0
76.7022,-7.70334,0
69.0748,2.69274,0
55.7613,-27.6397,0
84.6378,0.841825,0
74.9615,11.9187,0
57.6636,-23.9124,0
64.0489,-6.91077,0
71.5033,-0.0236959,0
82.1527,-21.6081,0
63.3411,-25.3215,0
73.7747,-8.0647,0
72.789,-25.2371,0
60.628,-17.6965,0
70.4672,-13.251,0
71.336,-35.3018,0
78.1822,-4.00361,0
65.2963,-14.7151,0
79.0638,-17.5243,0
59.7972,-15.802,0
77.9864,0.14855,0
79.1868,-22.841,0
61.1682,-17.8792,0
73.5536,3.71856,0
71.2154,-7.74301,0
72.6973,-10.5252,0
66.1658,8.65427,0
66.579,-7.96869,0
77.5384,-7.25546,0
68.9008,-1.1745,0
75.1574,-4.30319,0
60.9324,-19.6263,0
70.7753,-15.1939,0
61.5728,-19.8497,0
74.4019,-12.6538,0
76.0989,-8.81242,0
63.0071,4.70077,0
55.0819,-13.8133,0
62.7495,-7.88553,0
69.5217,-11.2238,0
72.2162,1.53702,0
86.362,-19.034,0
57.0654,-8.75139,0
65.3979,-1.59423,0
62.2159,-17.8817,0
66.5503,-26.3465,0
63.7161,-2.14713,0
61.2489,11.3751,0
67.015,-13.9139,0
76.5402,7.5714,0
51.7709,-18.3405,0
85.8829,3.30276,0
61.1001,-12.4181,0
59.852,-5.65248,0
75.8262,-20.0906,0
61.6838,-13.3092,0
57.1146,-14.719,0
77.3723,-1.99845,0
56.9189,-5.60781,0
68.2407,-16.7783,0
70.9934,-20.2186,0
55.9002,-24.4278,0
65.7271,-12.6267,0
86.9104,-2.21848,0
60.308,-21.1397,0
58.896,-13.6561,0
64.4231,2.89617,0
68.2645,-1.29243,0
60.8046,-16.4101,0
74.2481,-23.9048,0
68.4099,-1.35173,0
75.1991,-17.8887,0
53.9934,-16.7901,0
64.6642,-11.2175,0
78.4188,-8.13147,0
90.1256,-24.5776,0
78.5234,-23.9773,0
69.8301,-6.2027,0
76.6672,-10.9548,0
73.3387,-14.5063,0
54.6154,0.822026,0
75.0718,2.72507,0
72.5512,16.4744,0
75.2533,4.46201,0
63.0542,-12.7049,0
74.8457,-6.91364,0
81.2954,-18.1361,0
86.4331,1.7146,0
58.7036,-4.05979,0
50.1493,-14.316,0
63.9891,-11.1896,0
65.5812,-11.1637,0
78.4338,1.61154,0
81.6864,-7.56564,0
71.3266,-24.2114,0
56.5042,-0.670852,0
66.4915,-11.9323,0
77.02,-7.08421,0
83.914,-1.37213,0
69.8093,-12.6283,0
59.7543,1.03982,0
97.8203,-16.5639,0
91.9392,-1.15009,0
67.924,-17.0327,0
61.8174,9.49862,0
71.1485,-8.63898,0
66.593,-32.4664,0
68.4697,-30.535,0
75.8346,-3.5665,0
79.4832,-30.8006,0
63.9275,-11.3843,0
67.6598,-9.33754,0
67.9252,4.4848,0
65.0983,-11.5263,0
70.6965,-15.1505,0
77.505,-9.72223,0
88.7594,-10.3208,0
66.109,-26.7758,0
48.8051,-22.4844,0
77.8748,-5.75123,0
74.6579,-8.91971,0
82.1151,-1.62391,0
73.363,-14.6054,0
71.4057,-4.34003,0
58.6206,-10.1908,0
65.2981,2.15614,0
72.8608,-11.8281,0
71.3769,-9.25221,0
84.1373,8.62609,0
70.6295,-29.1383,0
74.717,-17.1609,0
69.7426,-8.38681,0
72.6023,-4.41626,0
62.1301,-22.7985,0
60.1173,11.8887,0
76.7456,-17.3639,0
67.4158,-9.26647,0
73.1101,-23.1005,0
79.3255,-15.7028,0
104.377,4.35151,0
66.8672,-19.8778,0
89.331,-12.8038,0
35.7409,-24.0013,0
76.0991,-18.2164,0
69.3201,-5.76434,0
64.4535,-9.64642,0
81.0618,-21.1915,0
58.8328,-3.30021,0
59.7707,-6.57343,0
69.7329,-22.0968,0
66.791,-10.471,0
49.6552,-1.86974,0
70.7007,-15.8951,0
72.2005,-12.3763,0
65.9533,-16.9318,0
74.2001,-14.8972,0
72.8121,-3.04636,0
57.8804,-4.08134,0
48.9007,-21.9808,0
61.6748,4.14932,0
72.8055,-5.54325,0
82.2444,-8.71373,0
68.8519,-0.968421,0
70.258,-5.57356,0
51.295,3.89063,0
71.8786,1.95838,0
74.2668,0.22686,0
73.8897,-4.13842,0
72.4387,-8.70207,0
68.8469,-4.47385,0
67.4579,-11.5191,0
63.2374,-4.33262,0
67.0457,-8.74969,0
61.1411,-20.1292,0
59.0659,-36.5965,0
63.0932,-9.51196,0
64.1951,-4.12255,0
69.1438,-6.86412,0
68.2186,-13.9617,0
80.7881,-21.6111,0
62.1559,-5.59855,0
76.2021,-0.353541,0
67.7161,-21.9539,0
66.8775,-13.7637,0
81.1684,-12.7322,0
77.5261,-16.8548,0
73.1333,-14.035,0
62.9261,-13.9975,0
51.7913,6.18583,0
69.1569,-9.00409,0
62.2729,-7.57671,0
62.8697,-8.90002,0
59.7555,-18.6486,0
55.9383,-5.325,0
63.3782,8.62692,0
89.0651,-18.0079,0
59.4921,-21.839,0
63.0717,4.1653,0
74.1827,-14.3939,0
72.996,-21.995,0
74.5488,0.68999,0
72.7907,-13.4238,0
68.5878,0.489019,0
83.4991,-3.71248,0
85.6057,-2.34739,0
49.3334,-16.4513,0
80.2581,-17.9053,0
73.9942,-3.41673,0
71.4904,-32.6872,0
75.5642,-35.1071,0
50.7718,-5.56026,0
63.3196,3.69569,0
62.6338,-20.6012,0
72.4847,-9.64328,0
55.5865,-23.3069,0
51.6603,-29.9661,0
53.6548,-5.41221,0
89.7527,-8.2968,0
60.4619,2.98287,0
80.376,-11.604,0
61.8247,-13.0396,0
73.425,-12.0284,0
72.7786,1.59133,0
67.3039,-22.6571,0
71.1454,-6.82028,0
91.3765,-10.3245,0
70.4577,-2.01534,0
65.3557,-2.15609,0
86.1441,-6.64471,0
40.9859,-20.9689,0
85.2841,-16.273,0
84.699,-11.2464,0
78.1619,-22.5397,0
63.3045,-7.13628,0
50.9626,-0.586815,0
78.5982,-24.0221,0
71.4241,-15.8038,0
73.3584,1.43101,0
63.5102,-10.8912,0
64.3641,-38.6811,0
79.9131,-16.8997,0
70.6145,-13.6481,0
77.3719,-29.6917,0
62.4332,4.51574,0
66.5303,-23.7364,0
53.3992,-8.95108,0
82.7971,-3.40617,0
65.8034,-11.1921,0
87.7245,-1.78804,0
68.3788,-11.2127,0
76.4641,1.2505,0
67.3584,-1.97729,0
89.7578,-20.1952,0
71.4421,-6.04068,0
74.5661,-8.15619,0
68.464,-7.43202,0
78.4423,-13.5928,0
73.1061,5.70102,0
62.3471,-22.5489,0
51.8253,-14.287,0
70.3966,-5.69431,0
76.4983,-4.37854,0
61.4843,-16.319,0
61.8035,1.2972,0
76.0211,-7.2304,0
60.6445,7.60486,0
71.7081,-12.8612,0
76.8371,-18.1247,0
78.4062,-18.0971,0
68.7202,-23.9524,0
50.063,-20.2035,0
87.6969,-11.4297,0
87,4.57413,0
68.1916,-20.0498,0
68.0847,-28.0965,0
64.0625,-10.7499,0
74.9397,-13.94,0
74.1319,-7.69143,0
67.3991,-22.5754,0
73.7817,0.664159,0
55.1144,-11.7079,0
82.8013,-13.104,0
61.3069,7.83916,0
66.2692,-2.28223,0
59.1979,-11.3285,0
62.4453,-30.1522,0
49.1978,-11.7195,0
72.9477,-8.3447,0
59.8777,-5.74276,0
73.4751,-4.28315,0
85.3664,-16.4692,0
69.3854,-1.90694,0
62.1507,-5.05279,0
64.2373,-13.3351,0
72.921,0.791644,0
77.4823,-23.1305,0
77.3432,3.18155,0
69.8536,-9.06613,0
70.681,-3.58606,0
84.1623,-24.3977,0
57.4658,4.54423,0
63.8804,1.74088,0
92.761,1.3207,0
86.4152,-12.4844,0
63.2381,0.645711,0
72.8164,-17.7809,0
52.9832,1.24064,0
66.037,-15.1299,0
63.8211,-8.54113,0
84.7494,-21.7799,0
66.8272,-18.4936,0
66.8739,-7.11755,0
90.1131,-13.738,0
43.8898,-13.82,0
81.0825,-12.4417,0
62.293,-16.4699,0
58.5533,-23.5686,0
56.0096,8.87716,0
76.5793,-6.1734,0
82.2019,-6.9653,0
73.0418,-14.7629,0
69.5636,-12.5518,0
52.0409,-14.05,0
73.3532,-7.78997,0
63.9097,-12.6118,0
50.8344,-1.43913,0
72.1945,-16.4423,0
74.7356,-25.908,0
68.8587,-10.9142,0
80.1072,-4.84448,0
73.5938,-2.30054,0
64.9175,-17.7965,0
69.1863,-1.34573,0
56.6751,-19.8997,0
63.847,7.07025,0
73.5285,-4.30511,0
77.773,-20.9787,0
66.5875,-16.512,0
74.6862,-13.7852,0
82.4414,-3.19881,0
52.3063,-19.9653,0
69.2922,-8.16517,0
64.4033,11.5388,0
87.8374,-5.79754,0
73.0648,2.34604,0
58.6327,1.1054,0
74.56,-14.9458,0
74.2704,-21.8135,0
50.2545,-9.79326,0
62.0931,-22.1053,0
87.6131,0.887188,0
79.4034,3.45468,0
77.5664,17.2598,0
87.6789,-5.0121,0
67.5209,0.599772,0
79.9205,-2.78586,0
71.3255,-6.04079,0
57.6881,-26.8179,0
85.2369,-7.59419,0
64.6537,-8.68329,0
61.3114,11.2666,0
59.0676,7.58865,0
87.7602,-11.6134,0
68.2461,-26.3772,0
64.4545,-2.22282,0
65.5331,-29.0928,0
63.8961,-19.1027,0
80.1144,13.0542,0
53.4408,-4.50005,0
71.9287,-16.9375,0
61.5967,-10.7549,0
66.9309,-13.7826,0
50.3452,-9.61315,0
72.0135,-13.6751,0
83.8145,-24.7341,0
78.2793,-0.211726,0
63.3732,-5.14042,0
67.5671,1.26309,0
78.3058,-2.31531,0
64.1581,-9.9604,0
58.6794,-5.1877,0
84.9919,-25.7485,0
66.1134,-4.92238,0
74.5239,-1.03961,0
70.6428,-8.46536,0
89.6064,0.470834,0
76.0323,-3.83767,0
75.8833,-11.4007,0
91.4151,-18.5812,0
75.9658,-5.74556,0
56.8202,-18.1518,0
65.2621,-1.15632,0
72.5354,-20.2033,0
42.9797,-8.86001,0
58.1149,-18.2817,0
73.2602,-11.988,0
77.947,-12.4164,0
71.2361,-8.81909,0
80.5662,7.03674,0
88.4141,-13.1162,0
72.9395,-8.77433,0
71.4249,-6.56867,0
85.3774,-2.57496,0
60.6989,4.76024,0
84.4139,-6.60529,0
78.8501,-11.4846,0
72.2363,-3.34833,0
79.5145,-7.22446,0
70.8176,-20.5253,0
79.3355,-17.0134,0
83.9201,-18.9753,0
64.9989,-4.22545,0
70.3005,4.67598,0
72.4469,-14.5013,0
65.3291,-20.5794,0
69.6867,-8.77088,0
82.8095,-2.2107,0
66.1264,-24.6582,0
74.3161,0.496487,0
62.7427,-19.1419,0
66.7162,-1.28301,0
52.7658,2.2496,0
64.237,2.67352,0
82.9306,-20.1806,0
36.5003,-21.4922,0
103.92,-25.9406,0
78.9207,-12.2006,0
71.3129,4.67827,0
70.8902,15.4043,0
87.7045,-15.3165,0
58.6657,-4.89476,0
65.9413,-0.471723,0
53.615,-20.942,0
80.8197,-30.3718,0
67.5959,-2.23745,0
70.4537,-14.35,0
52.6143,-5.96824,0
67.0573,-18.3693,0
80.3353,10.0038,0
65.8166,-7.6954,0
58.668,-6.6534,0
63.5537,-33.6,0
72.7793,-2.60152,0
70.0573,-6.74046,0
63.6747,-19.5744,0
61.4144,-12.5616,0
59.9193,-11.4084,0
54.5431,-9.97554,0
70.5878,-9.45215,0
53.5013,-11.8828,0
72.7896,-28.2201,0
76.3018,-6.23167,0
51.4887,-31.3594,0
82.6764,-19.1439,0
64.7366,-20.4631,0
89.9253,-10.7086,0
82.3373,-6.082,0
67.7835,-13.7831,0
82.0141,8.5819,0
65.6445,-3.32476,0
58.8983,-22.7956,0
50.2829,4.20312,0
68.2905,-13.5978,0
85.3132,-9.97764,0
93.1015,-14.4807,0
64.6744,-1.08624,0
72.9745,0.826053,0
74.516,-9.20785,0
68.4131,-2.75081,0
75.3067,-4.20446,0
53.8403,-12.4098,0
67.3526,-0.354249,0
67.3933,-32.9488,0
56.9394,-4.87195,0
69.1228,5.31704,0
57.2276,-5.16795,0
76.0593,-5.56953,0
59.8158,-4.15028,0
64.3056,-27.2714,0
59.1149,-16.2598,0
91.614,-12.1101,0
78.3101,-16.3773,0
68.5995,0.792814,0
68.0169,1.10889,0
82.8461,-12.4917,0
49.5126,-0.511164,0
69.8973,-34.17,0
84.1734,-4.63136,0
78.8944,-24.2979,0
70.6976,9.44403,0
61.7701,-19.6889,0
78.0163,4.23549,0
73.5495,-16.0994,0
55.7349,-12.7445,0
65.8982,13.6939,0
57.3989,-13.8274,0
63.0436,-27.3165,0
90.1237,-18.2544,0
64.3812,-23.6117,0
63.4482,-5.62352,0
72.9468,-17.2522,0
52.5783,-13.1201,0
63.6327,5.73894,0
71.9925,-10.9906,0
72.3928,-4.81153,0
79.117,-4.51267,0
51.9324,-17.8662,0
70.434,-21.5999,0
73.8084,-2.22464,0
81.8408,-19.7307,0
60.5182,-7.98683,0
76.2782,-26.2345,0
72.4325,-18.9151,0
68.7654,1.41895,0
60.7279,2.76354,0
68.2995,-11.5833,0
71.6215,-26.8755,0
70.5995,-5.84541,0
80.1054,-10.8262,0
70.754,10.0941,0
61.24,-21.4442,0
68.3528,8.33749,0
61.5167,-12.4344,0
71.4311,-0.00614835,0
62.0274,-24.1987,0
61.7809,1.96863,0
98.6697,-2.16413,0
73.0144,-1.72246,0
82.9438,-0.940818,0
80.522,-13.2087,0
53.5289,-3.68672,0
70.6719,-0.772277,0
56.8143,-13.7046,0
72.3765,-26.5254,0
49.8315,-8.86141,0
70.1647,-18.9708,0
72.2554,17.1329,0
69.0665,2.74278,0
57.8361,-1.47745,0
75.974,-22.8494,0
68.3326,0.697661,0
60.6736,-8.95394,0
61.2047,-14.9268,0
65.426,-8.98758,0
77.3734,-3.91479,0
65.8809,-24.6382,0
68.6838,-26.4848,0
83.1739,-11.6694,0
69.5714,-1.19085,0
87.7627,-12.0958,0
64.2525,-4.65925,0
58.7633,-9.55375,0
87.6779,-14.5747,0
84.7795,-28.1934,0
44.4876,-28.9191,0
71.158,-4.96975,0
81.1129,1.82029,0
69.6739,-13.5013,0
77.8198,-29.2818,0
74.5919,-6.96902,0
87.1853,-7.56181,0
80.6064,4.67578,0
84.9769,-20.7728,0
79.3889,18.9659,0
73.09,-9.9385,0
83.2114,-35.3608,0
54.6442,-10.7943,0
73.6423,-16.8087,0
68.8404,-3.08947,0
75.8253,-25.178,0
77.2142,-21.1723,0
62.6997,-11.284,0
65.8785,-18.3544,0
65.8312,-12.8005,0
69.7581,-6.18908,0
68.6162,-15.9846,0
64.9813,-16.7833,0
64.8588,-9.28658,0
66.7955,-17.6295,0
43.5644,-14.0781,0
68.2845,-0.052836,0
53.9772,-18.1173,0
72.3755,-14.151,0
45.1296,6.06939,0
79.2359,-7.78327,0
67.8927,-20.7949,0
77.4559,-6.61044,0
67.2825,-3.45641,0
77.2309,-4.17979,0
77.1453,-16.2502,0
60.351,-16.1872,0
65.3119,-16.6103,0
77.9361,-32.7019,0
79.8817,-9.25513,0
64.0641,-5.05367,0
55.6534,-2.35245,0
60.3371,-0.512153,0
69.2007,-13.5796,0
62.6972,-10.167,0
66.3999,-5.40406,0
60.8626,-17.9424,0
74.0313,-25.6983,0
82.4426,-17.3888,0
71.0573,-20.9438,0
80.9149,-5.50573,0
74.1977,-3.39867,0
73.761,-9.80484,0
69.1508,-27.3367,0
73.7446,-22.2475,0
93.633,-10.3632,0
72.05,-1.98867,0
79.095,-17.7693,0
52.6615,-12.1012,0
91.2562,-26.7677,0
69.6917,-7.7891,0
47.7109,-6.09538,0
55.0081,11.5672,0
67.6817,-9.78564,0
65.4464,-12.1308,0
84.5682,-6.07738,0
97.569,-14.4464,0
53.2485,-11.4179,0
67.1699,-4.07304,0
62.4204,-16.2767,0
59.6356,-37.7904,0
78.5236,-6.86867,0
68.0728,-9.4509,0
64.409,-17.3257,0
83.5887,-10.1641,0
83.7105,-7.56741,0
76.5997,-8.59839,0
65.5987,-5.5155,0
64.1653,-8.23943,0
72.3185,-28.3774,0
72.8907,-13.084,0
71.8598,-7.28151,0
74.9859,4.9548,0
68.013,-12.9343,0
71.7232,-7.87275,0
85.0203,-22.1098,0
66.0944,0.719627,0
85.7653,-15.9416,0
75.2903,-20.5249,0
69.0573,-16.4267,0
84.216,-13.2995,0
69.4321,-7.77899,0
69.3489,-16.71,0
67.496,0.769537,0
54.3796,-2.37358,0
55.3719,-8.75997,0
65.9917,-4.95653,0
82.5965,-29.8464,0
80.1046,-11.9095,0
62.4438,-16.1361,0
87.3429,-11.9419,0
63.1353,-32.4736,0
80.3844,-12.193,0
53.6236,-20.6944,0
70.9927,-3.2878,0
92.6758,-16.1846,0
65.1542,-7.42244,0
79.3341,-22.1866,0
69.0304,-13.7066,0
85.0982,-11.3144,0
75.0756,-1.20056,0
74.9041,-31.5942,0
51.6665,5.64022,0
77.5627,-12.5188,0
83.9768,-15.2038,0
52.639,0.246635,0
64.8027,-19.8936,0
60.9149,-5.64697,0
76.3114,-13.2713,0
72.7001,-17.9513,0
54.8547,-4.23137,0
60.463,-11.1546,0
73.0984,-14.0913,0
58.3305,-24.5473,0
78.088,4.29718,0
61.1877,-32.672,0
76.2733,-27.6961,0
67.0222,-35.0196,0
83.5479,1.91002,0
54.1995,-13.4595,0
67.8053,4.4446,0
87.902,14.8541,0
62.0576,-0.184593,0
67.4339,-4.60047,0
51.2042,-7.37377,0
83.5315,-4.59611,0
63.0703,-10.0945,0
62.5997,-7.99627,0
68.3894,-1.8194,0
75.6042,-8.00777,0
51.3946,-7.56044,0
54.0574,-30.1415,0
54.2143,0.976269,0
66.1136,-2.30769,0
72.9823,-21.4171,0
63.4724,0.424374,0
67.7557,-3.70092,0
59.9153,-4.50281,0
59.5956,19.358,0
74.9352,2.19113,0
59.3388,-18.7453,0
79.3621,5.21444,0
82.1181,-13.6193,0
83.8271,-38.7955,0
74.6188,-11.3345,0
61.732,-5.5729,0
68.4868,-23.1214,0
69.3009,-27.3087,0
56.7062,-17.4569,0
71.5353,0.862379,0
76.2103,7.05501,0
63.8464,-17.7283,0
66.2522,-3.91303,0
81.4477,-24.2476,0
62.6794,-20.0882,0
54.3353,1.64946,0
75.6627,-15.7587,0
80.0356,-14.6117,0
60.5096,-18.8059,0
69.598,-15.5716,0
63.6628,-30.4821,0
56.0525,-7.35751,0
64.0765,-4.39856,0
64.7049,-10.3766,0
80.5689,14.508,0
86.6113,-7.86775,0
76.7315,-16.8394,0
68.2507,-7.142,0
83.5359,-22.0318,0
84.6338,-10.6543,0
59.7086,-7.02261,0
66.6206,0.278247,0
79.4429,-20.8802,0
59.1415,-3.26859,0
62.9314,-9.67255,0
76.2817,6.19727,0
81.7813,-17.8944,0
49.6452,-20.2911,0
58.38,-12.982,0
74.6824,-22.7428,0
88.0462,2.73894,0
41.7201,-7.23792,0
61.9128,-12.9873,0
74.7915,-17.6376,0
61.9909,-15.7656,0
82.0116,-18.7038,0
78.7104,-15.1019,0
85.5191,-22.0943,0
76.5364,-11.3925,0
48.342,-9.15055,0
69.6929,-7.06763,0
79.8628,-16.0177,0
69.803,4.93805,0
83.6517,-18.7392,0
85.6528,-6.46106,0
70.0841,-10.2323,0
64.4653,-10.5014,0
90.7228,-12.2558,0
64.8798,-24.8773,0
